,source,target
0,"so , unless that 's gon na be feasible , then ...","unless that's gon'be possible, then..."
1,"by now , singh 's probably been arrested .","now, singh's probably been arrested."
2,“ why not ?,“ why not? ”
3,an old man 's mistake … ',an old man's mistake.
4,he reached for a microphone and i could hear his voice booming faintly throughout the ship .,he reached for a microphone and i could hear his voice booming through the ship.
5,"he loved that little man , by the way .",he loved that little man.
6,"i 've been very , very lucky .",i've been very lucky.
7,"well , then , i 'm kind of gon na rub this dinner in her face next time i see her .","well, i'm going to rub this dinner in her face next time i see her."
8,"it 's like , gross , yet oddly delicious .","it's like, gross, yet oddly delicious."
9,not as much as i 'd like,not as much as i 'd like to see.
10,there 's no doubt in my mind that this is the right group of men but we still have to prove it to the ministry .,there's no doubt in my mind that this is the right group of men
11,"no short colin powell haircut , havin'-ass motherfucker . get ’ im !","no short colin powell haircut, havin' ass motherfucker. get ’ im!"
12,it 's so hard . mmm . and there 's a baby growing inside .,it's so hard. mmm. and there's a baby growing inside.
13,"none of us likes to believe a servant of father church can be in error , and for those of the clergy there is an added dimension .","none of us likes to believe a servant of father church can be wrong,"
14,'up ! ' he commanded .,'up!'he commanded.
15,"i dunno what world you live in , what your game is , what you 're into , but ... i think i 'm done here .","i'm not sure what world you live in, what your game"
16,"goddamn it , 57 !",57!
17,“ now i am mephisto .,“ i am mephisto.
18,"december 12 , 1973 he made out a christmas list the night before ( drunk ) and was now downtown filling an abridged version .","december 12, 1973 he made out a christmas list the night"
19,"`` how ? '' asked gimlet , seeing no hiding place on the flat plain .","`` how? '' he asked gimlet, seeing no hiding place on the flat plain."
20,you should spend some time taking a personal inventory of what you 're doing for the betterment of society .,you should take a look at your life and see what you're doing for the betterment of society
21,"oh , vince ... you know , how every cop always leaves his house with a gun ?",how every cop always leaves his house with a gun?
22,"and me , i 've got my old singin ' partner back .",and i've got my old partner back.
23,i 'm assuming .,i'm assuming.
24,but they are often sentimental about churchill .,but they're often sentimental about churchill.
25,i 'll cum on my cat 's face .,i 'll cum on my cat's face.
26,bob and i had a little chat ... and we 're thinking we 're gon na organize a handling run for you .,"bob and i had a little chat, and we're thinking we're"
27,we ca n't wear gloves to do it because that would be seen as insulting .,we can't wear gloves to do it because it would be seen as insulting.
28,"under the current rules , vat on natural gas and electricity is levied at the place where they are actually consumed by the customer .","under the current rules, vat on natural gas and electricity is levied at the place"
29,that 's not even a lake . that 's luden pond .,that's not even a lake. that's luden pond.
30,"just like that -- as you 're telling him this , you realize that you 're attracted to him also .","as you're telling him this, you realize that you're attracted to him also."
31,i am 40 years old .,i'm 40 years old.
32,she screwed up and she ca n't admit the fact .,she screwed up and she can't admit it.
33,"we 're still doing that , right ?","we're still doing that, right?"
34,"she 's gon na be taking over for me , starting next week .","she's gonna be taking over for me, starting next week."
35,"having seen to the needs of my car , i walked into the office to get those glasses and pay for the gas .",i went into the office to get the glasses and pay for the gas.
36,"that i say nothing about what i see , what i hear ?","i say nothing about what i see, what i hear?"
37,eu/1/00/146/036 100 x 1 tablets,eu/1/00/146/036 100 x 1 tablets 100 x 1
38,but-but i-i can get him to tell me who 's making this stuff .,but i can get him to tell me who's making this stuff.
39,i do n't know how many i 've decorated today ...,i don 't know how many i've decorated today.
40,"as soon as i 'm finished , i can try again .",i'm going to try again.
41,"i reckon you 've got a right , major .","i'm sure you've got a right, major."
42,`` what we did then instead was this :,"`` we did not do anything then, we just did not do anything. ''"
43,but i didn'tdo nothin ' .,but i didn 't do anything.
44,"but why am i telling you this ? if you missed out , you 're too late .","but why am i telling you this? if you missed out, you're too late."
45,"uh , my kitchen sink is clogged and my boyfriend is kind of useless , so ...","my kitchen sink is clogged and my boyfriend is useless, so..."
46,it 's like my stomach ties up in knots . and i ca n't breathe . and sometimes i think i 'm gon na throw up .,it's like my stomach is tied up in knots. and
47,select sid from shared_sessions where sid = 'bcdd1884d7777f2f888fae206241f2bb ' in /var/www/tutor/includes/database.mysql.inc on line 120,select
48,"best you can , mike . - yes , sir .","best you can, mike."
49,later,"later, later, later."
50,just wait till you go get the hamburgers . all right ?,wait till you get the hamburgers.
51,"oh , well . i do n't care about anything , anyway .","i don 't care about anything, anyway."
52,the opening of the spa season is traditionally connected with blessing the springs at the colonnade and speeches of the town and the spa company representatives .,the opening of the spa season is traditionally connected with the blessing of the
53,it 's like the family pet .,it's like the family pet.
54,`` it should n't be your responsibility .,`` it's not your responsibility. ''
55,me ? i 'm not talking about me .,i'm not talking about me. i'm not talking about me.
56,"so you 're telling me everything you 've done -- taking the 4400 , sending them back . -- it has n't changed anything ?",so you're telling me that you've done everything you '
57,"thank you , master of the bloody obvious .","thank you, master of the obvious."
58,"hey , there we go . hey , all we need now is pizza . we 've get ourselves one hell of the evening","hey, we've got ourselves a hell of a night. we've got ourselves"
59,it 's almost too much juxtaposition for me .,it's too much for me.
60,"fm seeing what he 's doing now , she thought .","fm seeing what he's doing now, she thought."
61,"fifteen minutes past midnight , evers got out of his car beside his home in a negro residential area .","fifteen minutes past midnight, evers got out of his car in a negro neighborhood."
62,all right . let 's go .,let's go. let's go.
63,that 's his dead son 's birthday .,that's his dead son's birthday.
64,"so why not just pack up all your belongings and take a chance in the badlands , 'cause this town is done .","so why not just pack up and go to the badlands, 'cause this town is"
65,"then he must leave . well , perhaps by then you will have seen the truth .",then he must leave. maybe by then you 'll have seen the truth.
66,"um ... forever . and you , why are you sneaking out here in the middle of the night if you 're not scared ?",you're not scared? you're not scared?
67,"you 're a good man , johnson .","you're a good man, johnson."
68,"yeah . we 'd sleep in , then go to church .","we 'd sleep in, then go to church."
69,"only in the most northern zone , the pec/pnec ratio ( 10 ) using the mean concentration is below 1 .","only in the most northern zone, the pec/pnec ratio ( 10 ) is"
70,"oh , my gosh ...","oh, my gosh... my god... my god... oh, my god... oh, my god... oh, my god... oh, my god... oh, my god..."
71,"you know , he 'd be pretty damn mad if he knew i was talking to you .",he 'd be mad if he knew i was talking to you.
72,"your boy al , he 's pixilated or something . he wo n't listen to reason .","your boy al, he's pixilated or something. he didn 't listen to reason."
73,i should let you get back to sleep .,i should let you go to sleep.
74,"i 'm sorry , i do n't mean to tell you what you should ask anyone , i would never dare , but ...","i'm sorry, i don 't mean to tell you what you should ask"
75,the commission would though point out that this preliminary conclusion is based on a certain number of assumptions .,the commission would point out that the preliminary conclusion is based on certain assumptions.
76,all i 'm saying is do n't go trying to be a hockey player .,"i'm just saying, don 't try to be a hockey player."
77,"nah , i do n't go out with anyone from the firm .",i don 't go out with anyone from the firm.
78,"she tried , with all her telepathic skill , to reach her cousin 's mind , but all she could feel was horror and long dread .","she tried to reach her cousin's mind, but all she could"
79,i 'll reach you later .,i 'll get in touch with you later.
80,"i 'm iust not sure i 'm ready yet , dad , afer all that 's happened this year and-","i'm not sure i'm ready yet, dad, after all that '"
81,you must have done one hell of a tony robbins on those people to get them to hand over their kids .,you must have done a tony robbins on those people to get them to hand
82,we ca n't stay on this ship . you know that .,we can't stay on this ship. you know that.
83,i propelled the corpse toward my attacker with all my strength and did not wait to observe the result of my action .,i pushed the corpse toward my attacker with all my strength and did not wait to observe the result of
84,i should 've brought her in sooner ... the first time she threw up .,i should've brought her in sooner.
85,"let 's go , people .","let's go, people."
86,but i know why i 'm here . to be a pilot .,but i know why i'm here. to be a pilot.
87,"if they do n't hear his voice in the next 30 minutes ,","if they don 't hear his voice in the next 30 minutes, they 'll be dead."
88,we do have things to do .,we have things to do.
89,"speaking of great honeymooning couples , charlie and harriet mackenzie .","speaking of honeymooning couples, charlie and harriet mackenzie."
90,"and , um , we can do your knuckles and your back , your legs ... ahh , sugar , sugar ... your arse .","and, uh, we can do your knuckles and your back, your"
91,"`` you wo n't have a street full of shoppers , `` or sidewalk cafes that cars that can go through . ''","`` you 'd have a street full of shoppers, `` or a sidewalk cafe that cars can"
92,"look , i want you to have this football .",i want you to have this football.
93,"please , this is what best friends do ... right before their friendship ends . why did you agree to let her stay ?","please, this is what friends do before their friendship ends. why did you agree to let her"
94,thanks for crossing me . no problem .,thanks for crossing me. no problem. no problem. no problem. no problem. no problem. no problem. no problem. no problem. no problem. no problem.
95,a little old lady in a nissan micra . gone into the back of a land rover .,an old lady in a nissan micra. gone into the back of a land rover.
96,"emolia , i 'm the one who said those things about sebastio . it was n't vic .","emilia, i'm the one who said those things about sebastio. it"
97,"they are simply not interested in fighting for a group of prospective clients , which university students undoubtedly are long-term .","they are not interested in fighting for a group of prospective clients, which university students are long-term"
98,we have a room full of computers dedicated to finding workable patterns .,we have a room full of computers that are dedicated to finding patterns.
99,"all right , i 'm coming out !",i'm coming out!
100,"why are they carrying dead cat pictures , huh ?",why are they carrying dead cats?
101,"'born bergen , norway ... '","born in Bergen, Norway... '"
102,"it 's a tearful good-bye to her true love , norman blurder , the rural juror .","it's a tearful good-bye to norman blurder, the rural juror"
103,"you know , i honestly do n't have the experience .",i'm not sure i have the experience.
104,underwater caving is notoriously dangerous .,underwater caving is dangerous.
105,get away from me ! fucking legs !,get away from me!
106,where 're they !,where're they?
107,of a dedicated service within the agency,a dedicated service within the agency.
108,"lila , i 've got to go .","lila, i've got to go."
109,"uh , this isn ’ t my shirt .",this is not my shirt.
110,thomas could only hope they ’ d make some sense of everything .,thomas could only hope they 'd understand.
111,"however , it is likely to be well above the eu average .","however, it is likely to be above the average."
112,"`` listen , dr. van allen , we 've got no business talking about this on the radio .","`` listen, dr. van allen, we've got no business talking about this on the radio"
113,the queen 's reign ends today .,the queen's reign ends today.
114,that 's cute . a zombie with a gas attack .,that's cute. a zombie with a gas attack.
115,"my mom 's staying with family upstate , but i 've got to find someplace around here to crash .","my mom's staying with family upstate, but i've got to find someplace"
116,they waited ... she gives birth in prison then they let her go .,"they waited for her to give birth in prison, then they let her go."
117,the relative orientation of each methyl group ( ch,the relative orientation of each methyl group ( methyl group ) ( ) ( ) ( )
118,"he caught himself , and cleared his throat self-consciously .","he caught himself, and cleared his throat."
119,"`` it is n't 'for ' anything , '' he said thoughtfully .","`` it's not for anything, '' he said thoughtfully."
120,"`` bevey , '' she said , `` i want you to find an orthopedic pediatric surgeon who will operate on szuzannah . ''","`` bevey, '' she said, `` i want you to"
121,"and lucky for him and lucky for us , before that earthquake there was actually a bunch of seismographic stations already in the area .","and lucky for him and lucky for us, before the earthquake there was already a bunch"
122,i have to keep going on till the end in order to grab hold of the future i want .,i have to keep going until the end in order to grab hold of the future i want.
123,"look , when you sell a hammer , someone can be killed with it .","when you sell a hammer, someone can be killed with it."
124,i 'm a little surprised .,i'm a little surprised.
125,"yeah , i want to check my phone , see if it still rings .","i want to check my phone, see if it still rings."
126,"all right , look , if it 's true . turn it around .","if it's true, turn it around. turn it around. turn it around. turn it around. turn it around. turn it"
127,"looks like you 're doing all right for yourself , are n't you ?","you're doing fine for yourself, are you?"
128,failed to start x server several times in a short time period ; disabling display % s,failed to start x server several times in a short time period ; disabling % s.
129,"holly told me where you 're coming from , and i 'm thinking now is not the best time .","holly told me where you're coming from, and i'm thinking now is not the"
130,"okay , so if i find someone with better credentials , who does n't look like `` emmie , '' you 'll be just as excited ?","if i find someone who's better than emmie,"
131,i/o address conflict detected .,i/o conflict detected.
132,there 's got i 'm overlooking .,there's a lot of things i'm overlooking.
133,"fortunately for ukraine , its business is private , and a common view of the whole business community is that the electoral rerun must be conclusive .","fortunately, the ukraine's business is private, and"
134,i guess i just always had a crush on an older man .,i guess i always had a crush on an older man.
135,"barbara : you can not expect me to sit down with a complete stranger , a , a man .","barbara : i'm not going to sit down with a stranger, a man."
136,it sounds like no one 's ever found the fifth cache .,it's like no one has ever found the fifth cache.
137,says one of the men originally sent to find it ... on a submarine called the zeus faber .,says one of the men who was sent to find it... on a submarine called the zeus fab
138,now you 're getting warmer . - clues are all there .,now you're getting warmer. - clues are all there.
139,"dd moved about the camp , starting fires , getting out pans , straightening tents , preparing everything for their return .","dd moved about the camp, starting fires, getting out pans, straightening tents, preparing everything for"
140,i had to oversee gift bags .,i had to oversee the gift bags.
141,"`` i 'm scared of boredom , still i 'm bored ''","`` i'm scared of boredom, still i'm bored ''"
142,that poor girl is carrying around ... a sadistic little mustachioed shit inside her .,that poor girl is carrying around a little mustache-faced shit in her.
143,"we 're expanding into the north east , and i 'm here to set it up .","we're expanding into the north east, and i'm here to set it up."
144,"it was the face of a young magic-user , weary from long nights of study at his books , but now relaxed , finding welcome rest .","it was the face of a young magic-user, weary from long"
145,i 'm sure you 're gon na figure it out .,i'm sure you 'll figure it out.
146,the secret 's safe .,the secret's safe.
147,"2a . for substances referred to in paragraph 2 that are engineered nanomaterials , the following additional conditions shall apply :","2a. for substances referred to in paragraph 2 that are engineered nanomaterials,"
148,"um , there is a peewee-league soccer playoff game tomorrow on the alpha field .",there is a peewee-league soccer playoff game tomorrow on the alpha field.
149,i really have to get home .,i've got to get home.
150,"forn said , “ in most languages it ’ s vampires , not vampires .","forn said, “ in most languages it's vampires, not vampires."
151,this part of it was for such as karl .,this part of it was for karl.
152,"well , well . please sit down . - barny .",please sit down. barny. please sit down.
153,"the women have been charged on 17 counts of aggravated indecent assault , as zimbabwean law does not recognize the act of a woman raping .","the women have been charged on 17 counts of aggravated indecent assault, as z"
154,"i 've got 30 , what have you got ?","i've got 30, what've you got?"
155,"when i entered the premises , i saw the two suspects , the guns the money , the drugs , the dead body .","when i entered the premises, i saw the two suspects, the guns, the money, the"
156,ido n't understand a word of it .,i don 't understand a word of it.
157,call me a doormat -- get it all out of your system -- but i 'm doing it .,call me a doormat -- get it out of your system -- but i'm doing it.
158,i 'm ok .,i'm fine.
159,"well , i do n't hit women ,","i don 't hit women, i don 't hit women."
160,i ca n't believe they 're just letting that woman free .,i can 't believe they're letting her go.
161,[ 9 ] http : //ec.europa.eu/justice/citizen/voting-rights/index_en.htm . [ 10 ] see annex .,[ 9 ] http : //ec.
162,"do you think , like , i 'm too nice to make it as a designer ?",do you think i'm too nice to be a designer?
163,"ok , aarons . hit the road .","aaron, hit the road."
164,she 's playing with fire - he 's not ready for nibbly pig .,she's playing with fire - he's not ready for nibbly pig.
165,"that 's you , right , miss mcnamara ?","that's you, miss mcnamara?"
166,"and ... i think i feel the same way , too .",and i'm sure i'm the same way.
167,"yeah , it is an appropriate gift for the baby .","yeah, it's a good gift for the baby."
168,"according to hungary , the commission assessed the legislation at issue in isolation only , without taking the general context of that legislation into account .","according to hungary, the commission assessed the legislation at issue in isolation, without"
169,the lab found trace amounts of titanium alloy in the threads .,the lab found traces of titanium alloy in the threads.
170,it 's a sick feeling .,it's a sick feeling.
171,"you came early , but you 're gon na make it .","you're going to make it, but you're going to make it."
172,he bought it when he was quite a young man on his grand tour .,he bought it when he was a young man on his grand tour.
173,"oh , man . are you okay ?",are you all right?
174,"every time i think about the eulogy , i just ... all i picture is frost laughing at me .","every time i think about the eulogy, i just... i just... i just... i just"
175,". were cured today , i would be eighty-two standard years old before she again reached the age she was when we first met . ''",. i 'd be eighty-two years old before she would be eighty
176,he doth it as like one of these harlotry players as ever i see .,he does it as if he were a harlot.
177,"just do it . if quinn asks , tell him it failed .","tell him it failed. if quinn asks, tell him it failed."
178,i 'm on a lasagna diet .,i'm on a lasagna diet.
179,"now , i 'd be willing to part with just a taste of it , but ...","i 'd be willing to taste it, but..."
180,"mick , you 're going to say it was self-defense , right ?","mick, you're going to say it was self-defense, right?"
181,"if i 'm right about the other party , you wo n't just be making an obscene amount of money .","if i'm right, you 'll be making a lot of money."
182,so are we going home together or what ?,so are we going home or what?
183,it 's going awfully slow . - that 's all .,it's going slow. - that's all.
184,'were you surprised i found the sword ? ' agwaine asked him .,'were you surprised i found the sword?'agwaine asked him.
185,"fuck me , that ai n't bad .",that's not bad.
186,"yes indeed , all sorts of friends are available for our inspection , but at least one seems to have dropped out of sight .","yes, all sorts of friends are available for our inspection, but one seems to have disappeared"
187,ai n't got no toes ... ... to worry about stomping them .,i'm not going to stomp my toes.
188,brother arshad has a beautiful singing voice .,brother arshad has a beautiful voice.
189,one interested party claimed that the commission did not investigate whether the union industry failed to anticipate that government support schemes would be abruptly withdrawn or decreased .,one interested party claimed that the commission did not investigate whether the industry failed to
190,it feels like yesterday .,it's like yesterday.
191,"do n't forget , if your tips are magic , she 'll be back for another number with our magician , jim 's etoile .","don 't forget, if your tips are magic, she"
192,"no . no , you do n't . you do n't .","no, you don 't. you don 't. you don 't. you don 't."
193,do international tribunals of the sort milosevic faced before his death promote or postpone serious self-reflection and reconciliation in damaged societies ?,do tribunals of the kind milosevic faced before his death
194,"finally , the villain is mortally wounded . he dies ... ... in character .",the villain is mortally wounded. he dies...... in character.
195,"i deprive them for only two days , then give them back a pittance and now they 'll eat dung , they really will .","i give them two days, then give them back a pittance, and"
196,"subat gaped at him , his expression incredulous .","he was incredulous, his expression incredulous."
197,"no , it 's just me .","no, it's just me."
198,"i mean , even at half off , the shit is still expensive .","even at half off, the shit is still expensive."
199,"the spanish are barely a day away , majesty .",the spanish are just a day away.
200,what 's she gon na do ?,what's she gonna do?
201,did i happen to say thank you ?,did i say thank you?
202,back to your lesson . - you 're taking it to your room .,back to your room. - you're going to your room. - you're going to your room. - you're going
203,there was the quick thudding of running feet as a number of deserters got there first .,there was the thudding of running feet as a number of deserters got there first.
204,"`` then i suggest you remove yourself from school property at once , young man , before i call the police . ''","`` i suggest you leave school property immediately, young man, before i call the police. ''"
205,he 's dead . who the hell is he ?,he's dead. who the hell is he?
206,"sure , if you call three weeks ages ago .","sure, if you call three weeks ago."
207,"no , they 're gon na find him , hon .","no, they're gon'find him."
208,"i figured this brunch would be so lame , i needed something that would n't upstage them .","i figured this brunch would be lame, i needed something that would not upstage them."
209,i 'm going to do what the fuck i want .,i'm going to do what i want.
210,"' no , i never heard of any place like that , ' he told me .",' i've never heard of a place like that.
211,now you need to save his .,now you need to save his life.
212,"your child comes to this school , we will guarantee that we will get your child into college .","your child comes to this school, we will guarantee that he will get into college."
213,let them go and dig their own wells . '',let them dig their own wells. ''
214,it was a great relief to have the car standing on the street again ; the way that rotted bumper bent up under the jack had scared me .,it was a relief to have the car back on the street again
215,"that 's not only childish , it 's irrational , and i do n't have the time to try to reason with somebody whose wits have deserted him .","that's not only childish, it's"
216,"i do n't know if i 'd go disturbing him , if i was you .","i 'dn't want to disturb him, if i were you."
217,"the professor carefully tried the lock , lest we might not be able to open it from within should we be in a hurry making our exit .","the professor carefully tried the lock, lest we might not be able to open"
218,"well , uh -- - i can take it . everyone knows how hard it must be for daniel ,","well, i'm sure it's hard for daniel."
219,"'trouble is , we do n't have any idea where the float may be . '",'we don 't know where the float is. '
220,john olafsen had made a good living back when life had been normal .,john olafsen had made a good living before the war.
221,they had some on samples for last week .,they had some samples for last week.
222,'where 's my book ? ','where's my book? '
223,"and they 've awarded him $ 500,000 .","and they've awarded him $ 500,000."
224,lights ... media ... fireplace ... even turn on the lawn sprinklers if someone is n't supposed to be here .,"lights, media, fireplace, even turn on the lawn sprinklers if someone is not supposed to be"
225,let me guess . sumei ?,i'm guessing sumei.
226,what does merlyn ?,what does merlyn do?
227,i ca n't think straight if i do n't relax .,i can't think straight if i don 't relax.
228,according to my clinical research on drug induced amnesia ...,according to my clinical research on drug induced amnesia... i've found that the drug is not responsible for the amnesia.
229,"interviewer : you think if he goes to sweden , he may be sent to the states ?","interviewer : if he goes to sweden, he may be sent to the states?"
230,"when the cab was arriving , i heard the scream .","when the cab arrived, i heard the scream."
231,but what 's going on up there ?,but what's going on up there?
232,"ah , ah , are you a doctor ?",are you a doctor?
233,i 'm seeing a real nice woman now .,i'm seeing a nice woman now.
234,"it was bremen , changing his appearance , his form , his very thinking , so that he could penetrate the stronghold of the warlock lord .","bremen changed his appearance, his form, his thinking, so that"
235,organised civil society should play a key role but seems to be reluctant to assume this .,civil society should play a key role but seems to be reluctant to assume this.
236,and i think you know who i 'm talking about . - jack-off ! jack-off !,and i'm talking about jack-off! jack-off! jack-off! jack-off!
237,"uh , pardon me for asking , but , uh , are n't you the sheriff of absaroka county ?",are you the sheriff of absaroka county?
238,"i just think i need ... a couple of months , you know , to finish my exams .","i'm just going to take a little break, you know, to finish my exams."
239,"do you think he 'll welcome you , into his arms , like the so very many you 've sent his way ?","do you think he 'll welcome you, into his arms, like the many you '"
240,"he wished only to be let alone , and perhaps to sleep the night out , and not to be questioned after .","he wished only to be left alone, and perhaps to sleep the night out, and not to be"
241,web link to the full text of the aid measure : http : //www.mzcr.cz/odbornik/pages/1163-resortni-program-vyzkumu-a-vyvoje-ministerstva-zdravotnictvi-iii-na-leta-2010-2015-kod-nt.html,web
242,that 's what makes him one of the most relevant artists of our time .,that's what makes him one of the most relevant artists of our time.
243,"article 4 in evaluating the identity of , or confusion with , a variety denomination of another variety , the following shall apply :","article 4 in evaluating the identity of, or confusion with, a variety denomination of another variety,"
244,you 're makin ' me nervous .,you're making me nervous.
245,"i never had that thought about you , mr ritter .","i never thought about you, mr ritter."
246,"gerasimov was thinking , too .",gerasimov was thinking.
247,"just resting , sir . just resting .",just resting. just resting. just resting.
248,i have to open the station early . that 's sad .,i have to open the station early. that's sad.
249,i understand you .,i'm sorry.
250,he 's awfully short . and i think he 's talking to himself .,he's short. and he's talking to himself.
251,we do n't need to play any games with it tonight .,we don 't need to play any games with it.
252,firing off memos in the middle of the night directly to the joint chiefs of staff . which pissed off his immediate superiors to no end .,firing off memos in the middle of the night to the joint chiefs of
253,"all of a sudden , i felt this sensation on my neck .",i felt a sensation on my neck.
254,"so , applejack .",applejack.
255,and what 's the difference ?,and what's the difference between you and me?
256,"she did n't show you no papers , no deed nor nothing ?","she didn 't show you any papers, no deed, nothing?"
257,let 's run away .,let's run away.
258,we 'll all go to the chair . - maybe it was n't one of us !,we 'll all go to the chair. maybe it wasn't one of us!
259,jacob ... i 'm engaged to you .,"jacob, i'm engaged to you."
260,they 're savages -- reckless and single-minded .,they're savages -- reckless and single-minded.
261,"o , this is hire and salary , not revenge .","this is hire and salary, not revenge."
262,"five years ago , patricia bradley was granted ... a conditional release by the governor .","five years ago, patricia bradley was granted conditional release by the governor."
263,"relax uncle , sanju just talks rubbish .","uncle, sanju just talks rubbish."
264,i 'm on the way down .,i'm on my way down.
265,go tell the surgeon to cut out the freak 's horns .,tell the surgeon to cut out the freak's horns.
266,"`` it 's not a secret , '' she cried .","`` it's not a secret, '' she cried."
267,"the ceiling collapsed , and aquim threw himself forward , trying to shield the preservation canister and the magnificent brain of the ancient cogitor .","the ceiling collapsed, and aquim threw himself forward, trying to shield the"
268,i can be there in about four hours . do you want me to come over ?,i 'll be there in four hours. do you want me to come over?
269,"in other words , its application requires the taking of positive action , failing which rules conflicting with community law are applied .","in other words, the application of the law requires the taking of positive action, failing which rules conflicting"
270,"the telephone was n't working , and anna had n't come down - she 's the housekeeper .","the telephone was not working, and anna had not come down."
271,lying atop sayre 's desk were amazingly complete files on all four of them .,on the desk were all the files on the four of them.
272,"i 'll see you tonight , 9:00 sharp .",i 'll see you at 9:00 p.m. sharp.
273,to thank you for helping me clean up the mess that i made in your shop of bugs .,thank you for helping me clean up the mess that i made in your shop of bugs.
274,"“ all right , you incompetent bungling blind microcephalic dingdongs !","“ you incompetent, blind, dumb, dung-dong-dong-dong-dong-dong"
275,"keepsakes , you might ... excuse me . could you tell me where i 'd go to collect a trunk ?","keepsakes, you might... excuse me. could you tell me where i 'd go"
276,"if that 's the case , it must be two seconds .","if it's true, it must be two seconds."
277,who 's she ?,who's she?
278,"no , that 's not what he means .","no, that's not what he means."
279,now she would like to meet father moinighan .,now she wants to meet her father.
280,"it will be a tracking shot through the wood with plants growing , flowers blooming and the woodland coming to life over the course of a year .","it's a tracking shot through the wood with plants growing, flowers"
281,time is running out if you decide you want to ...,time is running out if you decide to...
282,"for a short while at least , this small patch of scotland could honestly call itself the oil capital of the world .","for a short while, this small patch of scotland could call itself the oil capital"
283,`` several times in the last couple of days you yourself were almost killed .,`` you were almost killed several times in the last couple of days. ''
284,"it 's our job to try to protect you from making the dangerous ones , if we can .",it's our job to try to protect you from making the dangerous ones.
285,mom 's been gone for ten years .,mom's been gone for ten years.
286,we do n't even know what you have yet .,we don 't know what you have.
287,i never knew that you liked kids so much .,i never knew you liked kids so much.
288,you know what the best thing is about a pimp ?,the best thing about a pimp is that he's got a lot of money.
289,"say , these kids , they ca n't all be bad , can they ?","say, these kids, they can't all be bad, can they?"
290,i 'll make sure they 're taken care of .,i 'll make sure they're taken care of.
291,it costs a lot to look that cheap .,it's expensive to look like that.
292,"uh , aside from a course of antibiotics a year ago , we have n't filled anything for her .",we've not filled anything for her in a year.
293,"my goodness , i would have been disappointed ... if you had n't crushed my hand .",i would have been disappointed if you had not crushed my hand.
294,it 's a dessert place right around the corner .,it's a dessert place right around the corner.
295,it 's just like riding a bike .,it's just like riding a bike.
296,in july the eu delegation co-organised a workshop on roma issues which drew up several,in july the eu delegation organised a workshop on roma issues.
297,"it 's been real lonely without you , rita .","it's been very lonely without you, rita."
298,reputation of the ‘ melon de guadeloupe ’,reputation of the melon de guadeloupe.
299,perhaps you misunderstoodthe meaning of the term .,perhaps you misunderstood the meaning of the term.
300,"really , he waved at stevie wonder . '' what the fuck ?",he waved at stevie wonder. '' what the fuck? ''
301,"by the time it was over , cashed out over 25 grand .",it was over 25 grand.
302,where did this woman run off to now ?,where did she go?
303,"you understand i used to be in the nba , yes ?","i used to be in the nba, yes?"
304,"indigenous west indies , southern u.s. , considered a pest in hawaii . ' `` fuckola , starling thought .","indigenous west indies, southern u.s., considered a pest"
305,"so , what 's your sign ?","so, what's your sign?"
306,meet me on top of the fairmont hotel without anyone else or i 'll ...,meet me at the top of the fairmont hotel without anyone else or i 'll...
307,do n't you have something at marshall 's school ?,do you have something at marshall's school?
308,"is there , is there anything else you want to , you want to talk to me about ?",is there anything else you want to talk about?
309,"she told you about a video tape , did n't she ?","she told you about the video tape, didn't she?"
310,"look at those beady little eyes , and that pur-posti-rus chin , and those ricky-diculus striped pyjamas .","look at those eyes, and that pur-posti-"
311,oriya letter yya,"oriya letter yyaa letter, yyaa letter."
312,"`` i mean , i 've sucked a lot of dicks , diary .","`` i've sucked a lot of dicks, diary. ''"
313,it 's an album by the band queen . see ? aah !,it's an album by the band queen. see? aah!
314,"and if the police ca n't find the person who did it , they 're gon na find jason .","and if the police can't find the person who did it, they 'll find jason."
315,"for example , you might create an inventory list , a sign-up sheet , a roster , and so on .","for example, you might create an inventory list, a sign-up sheet, a roster, and"
316,i spent the last hour convincing the germans we were n't deliberately humiliating them .,i've been trying to convince the germans that we're not deliberately humiliating them.
317,"yeah . you guys stay and bond over how great i am and how you want me to be happy , okay ?","yeah, you guys stay and bond over how great i am and how you want me to be happy"
318,you must be asking yourself ... ... how repulsive-looking the guy that 's gon na make you his woman gon na be ?,you're asking yourself...... how repulsive-looking the guy who '
319,"in coming to an opinion on this issue , member states shall take duly into account any relevant information from other member states .","in coming to an opinion on this issue, member states shall take into account any relevant information from"
320,i 've already said yes .,i've already said yes.
321,know your enemy and all that .,know your enemy and you 'll be able to beat him.
322,"the result will be great art ; for no longer , as up to yesterday , will the artists pander to the bourgeois taste of the middle class .","the result will be great art ; for no longer, as yesterday"
323,we 're testing our patient 's blood for a hereditary ...,we're testing the blood of our patient's family for a hereditary...
324,"yeah , we never get to see you .",we never get to see you.
325,"what happened in france during those days of 1914 , when our armies invaded that country and were marching in triumph from one victory to another ?","what happened in france during the days of 1914, when our armies invaded"
326,"at the same time , the rates of degenerative diseases are skyrocketing .",the rates of degenerative diseases are skyrocketing.
327,he was the first federation diplomat l ever met who truly seemed to understand the klingon nature .,he was the first federation diplomat i ever met who truly understood the klingon nature.
328,"second , find a soothing activity to distract yourself .",find a soothing activity to distract yourself.
329,are you seriouy mad about this ?,are you serious about this?
330,so can i ship out ?,so can i go?
331,"‘ mixed applications tyre ’ means a tyre designed to be fitted to either driven and non-driven axles of implements , agricultural machinery or trailers ;",‘ mixed applications tyre ’ means a tyre designed to
332,"i said , `` listen , kyle , you 're everything to me .","i said, `` listen, kyle, you're everything to me. ''"
333,"when export licences are issued , priority shall be given to milk powder falling within the following product codes from the nomenclature of export refunds :","when export licences are issued, priority shall be given to milk powder falling"
334,"down there , i 'm only heinz , the cook 's mate .","down there, i'm only heinz, the cook's mate."
335,"but he was a clumsy man , and one of his feet caught on the leg of the armchair .","but he was clumsy, and one of his feet caught on the armchair."
336,boobie ! you 're in .,boobie! you're in.
337,we stay in bed naked all day together .,we stay in bed naked all day.
338,i understand you 're looking to start up a brand-new business .,i'm looking to start a new business.
339,i 'm not saying it 's not .,i'm not saying it's not.
340,"once , i was n't able to save my own family , but i 'd like to rescue you and your daughter .","once, i was not able to save my own family, but i 'd like to"
341,"the fire dies , no damage to what 's inside .","the fire dies, no damage to the house."
342,here 's the good news .,here's the bad news.
343,with my heightened senses ... ... it hurts me worsethan it would hurt you .,with my heightened senses...... it hurts me more than it would hurt you.
344,i 'm jet-lagged and i do n't want to fall asleep .,i'm jet-lagged and i don 't want to fall asleep.
345,we 're gon na kick it .,we're gonna kick it.
346,i risked my life for them pelts . i fought me a dozen kiowas .,i risked my life for the pelts. i fought a dozen kiwas. i fought a dozen kiwas.
347,okay . come in .,come in. come in. come in. come in. come in. come in. come in. come in. come in. come in. come in. come in. come
348,"what would happen then , i mean , how do you die ?",what would happen if you die? what would happen if you die?
349,eumm georgia shall consist primarily of staff seconded by member states or union institutions .,eumm georgia shall consist of staff seconded by member states or union institutions.
350,"well , you ca n't always be honest , not with the sharks swimming around this town . if i 'd been totally honest ,",you can't always be honest.
351,( b ) an access code associated with the “ guarantee reference number ” is allocated and is communicated to the principal by the office of guarantee .,( b ) an access code associated with the “ guarantee reference
352,ma'am i need you to stay call .,i need you to stay on the phone.
353,"you get straight to the point , huh ?","you're not going to waste any more time, huh?"
354,"andrew , i , um ... actually , i was thinking , ... maybe we could have the wedding here .","andrew, i'm thinking, maybe we could have the wedding here."
355,off the garden entirely and onto the grass !,off the garden and onto the grass!
356,"all right , well , let me ask you this :",what do you think of this?
357,"i won her fair and square , mate . more or less .",i won her fair and square. more or less. more or less. more or less. more or less. more or less. more or less
358,such transactions shall be reported both as a source of encumbrance and as an encumbered asset or collateral .,such transactions shall be reported both as an encumbrance and as an encumbered asset.
359,"it 's that house , the one with a line painted on the door .",it's the house with the painted door.
360,i 'm glad i came here .,i'm glad i came here.
361,"sir , we were n't telling the whole truth , ... ..and that 's why the machinethinks the memories are false .","we're not telling the whole truth, and that's why"
362,"well , my advice is you better do something soon , or you 're out and the doctor 's in .","well, my advice is you better do something soon, or you're out and the doctor '"
363,and we 're talking about a lot of money here .,and we're talking about a lot of money here.
364,"hell , edgar , that was my strongest dog .",that was my strongest dog.
365,"this is my first time going to dinah shore with rose and i as a couple , so it'il be interesting .","this is my first time going to dinah shore with rose and i as a couple,"
366,"wait a minute . if his old lady moves out on him because of this , i call first dibs .","wait a minute. if his old lady moves out on him because of this, i'm first"
367,"`` they chose her , she 's very old , johnston ''","`` she's very old, johnston ``, johnston."
368,"in that case , entry checks shall as a rule take priority over exit checks ’ ;","in that case, entry checks shall take priority over exit checks."
369,"'i have missed you both during the years , ' said revelation .",'i've missed you both during the years.
370,dead man walking .,dead man.
371,"no , you wo n't .","no, you're not."
372,you were selling novelty products in wichita when i was born .,you sold novelty products in wichita when i was born.
373,following drive mapping operation could not be completed .,following mapping operation could not be completed.
374,it 's very embarrassing . we have to get him off . i 'll have to have you come with me .,it's very embarrassing. we've got to get him off. i 'll have
375,you 're more than modest .,you're more than modest.
376,"i could n't get the band on the runway . they would n't let me , no matter how much money i offered . oh , yeah .",i couldn 't get the band on the runway. they wouldn
377,he has cell phone footage of jonathan with ... very young men at the lake house .,he has cell phone footage of jonathan with young men at the lake house.
378,"it depends on you and hamilton , now .",it depends on you and hamilton.
379,do i have one ?,do i have a ticket?
380,"iv.5.2.4 award criteria : please refer to chapter ii.2.4 , p.20 .",iv.5.2.4 award criteria : please refer to chapter ii.2.4
381,"i do n't know , but there 's going to be lots of food , and a band .","i don 't know, but there's going to be a band."
382,the onus is thereby on the payment service provider to furnish evidence that the holder of the payment verification instrument did in fact order the payment .,the onus is on the payment service provider to furnish evidence that the holder
383,viruses containing the rta181t mutation remained susceptible to tenofovir with ec50 values 1.5-fold that of wild-type virus .,viruses containing the rta181t mutation remained susceptible
384,they did a tv special about him and even showed a re-run !,they did a special about him and even showed a re-run!
385,"and everything he does , huh , is big .","and everything he does, is big."
386,bill : that 's my dog .,bill : that's my dog.
387,"therefore , in the case of bergholz , the project was only possible because leader+ funded the support structure at the local level .","therefore, in the case of bergholz, the project"
388,thinking we 'll feel so sorry for you and help you get into panhellenic .,thinking we 'll feel sorry for you and help you get into panhellenic.
389,a lot wish they had who have n't ... ... and one or two have who wish they had n't .,a lot of people wish they hadn't.
390,the aide stretched his thumb and finger apart and spanned the distance from siberia southeast down to utah .,the aide stretched his thumb and finger apart and spanned the distance from siberia southeast to ut
391,one that 's more important than his ritual need to drain the blood and wrap the parts .,one that's more important than his ritual need to drain the blood and wrap the parts.
392,i do n't appreciate you letting them have that dog ... ... when coby and lisa ca n't have a hamster .,i don 't appreciate you letting them have that dog when coby and l
393,we try to prevent this-but your own case is an example of the problems we encounter .,we try to prevent this-but your case is an example of the problems we encounter.
394,asset 's more important to them than you .,asset's more important to them than you.
395,would you let me read your book sometime ?,would you let me read your book?
396,"in view of the accession of bulgaria and romania , it is appropriate to adapt decision 2005/176/ec .","in view of the accession of bulgaria and romania, it"
397,you want me to throw myself and my bureau on the grenade .,i want to throw myself and my bureau on the grenade.
398,"( c ) the amount equal to the specific costs arising out of a certification task , which shall be recovered in full at real cost .",( c ) the amount equal to the specific costs arising out of a certification task
399,jan di 's not here either .,jan di's not here.
400,"considering what you did to us , being able to find you is gon na go a long way .","considering what you did to us, finding you is going to go a long way."
401,guess it 's not that lucky .,it's not that lucky.
402,that explains the dye but not the person spotted at the center of it .,that explains the dye but not the person spotted.
403,how about a beer in a bottle instead ?,how about a beer in a bottle?
404,`` in my family for a . . . very long time . '',`` in my family for a long time. ''
405,that 's some name .,that's a name.
406,are you in touch with her ? no ...,are you in touch with her? no... no... no... no... no... no... no... no... no... no... no... no... no... no
407,it 's funny .,it's funny.
408,"again ... when you 're right , you 're right .","when you're right, you're right."
409,i 'm coming back to hong kong now,i'm coming back to hong kong.
410,help ... - whoa !,help!
411,"now , you owe us 25 g 's , man .","you owe us 25 g's, man."
412,i have lots of work here . .,i have a lot of work here... and i'm very busy...
413,it 's a deviant sexual behavior in which the frotteur becomes sexually aroused ... ... by rubbing his genitalsagainst others in public places .,it's a deviant sexual behavior in which the frot
414,"you tell me you 're leaving me , and you have the nerve to expect graciousness ?","you tell me you're leaving me, and you're expecting kindness?"
415,the commission is unlikely to identify horizontal competition concerns in a market with a post-merger hhi below 1000 .,the commission is unlikely to identify horizontal competition concerns in a market with a post-merger hhi
416,i told you they 're all mad as hatters . did n't i ?,i told you they're all mad as hatter. did i not?
417,"well ... it is n't line-caught blue marlin , but it does n't look half-bad .","well, it's not line-caught blue marlin, but it's not"
418,"`` aside from that , whoever this commander is , he seems to be in contact with your bothan pals .",`` he seems to be in contact with your friends. ''
419,"along the way , i threw my gun into the royal river . i 've been very clear on this point .",i threw my gun into the royal river. i've been very clear on this point.
420,if you 're sitting down with someone you do n't trust .,if you're sitting down with someone you don 't trust.
421,"`` the patient man survives , '' that 's one of the things my grandfather nanook loved to say .","`` the patient man survives, '' that's one of nanook's favorite sayings."
422,thanks to the silly asses of the world ... i can make a fortune .,"thanks to the idiots of the world, i can make a fortune."
423,i 'm just nervous about the drop is all .,i'm just nervous about the drop.
424,"but i 'm not gon na do that , am i ?","but i'm not going to do that, am i?"
425,"he turned his head , and saw that now he was fighting on the floor of an enormous amphitheatre .",he turned his head and saw that he was fighting in an amphitheatre.
426,"ah well then , do n't sign it !","well, don 't sign it!"
427,we can get on a boat at the port in the morning .,we can go to the port in the morning.
428,enterprise single sign-on server,"enterprise single sign-on server server, enterprise single sign-on server, enterprise single sign-on server, enterprise single sign-on server."
429,i have a warrant for hanner 's arrest .,i have a warrant for hanner's arrest.
430,your name is tuchman marsh ?,your name is marsh?
431,i have n't found miss right yet .,i haven 't found the right girl yet.
432,"for god 's sake , paul .","for god's sake, paul."
433,"he had related his tale calmly enough , but the usually firm , confident smile was thin and tight .","he had told his tale calmly, but the usual firm, confident smile was thin and tight."
434,darryl : - and i told you it 's dewey 's turn .,darryl : - and i told you it's dewey's turn.
435,"the star playing opposite thorby was loeen garcia , late of el nido .","the star opposite thorby was loeen garcia, late of el nido."
436,fucked up my phone .,it's fucked up my phone.
437,i have to talk to the tutor about jude 's mid-terms .,i have to talk to the tutor about jude's mid-terms.
438,"he 's ever seenin all his years , on a little girl called amanda and a doll named mirabelle .","he's seen all his life, on a little girl named amanda and a doll"
439,so that 's like the dust they sweep off the floor of a place that makes real cheese .,so that's like the dust they sweep off the floor of a place that makes real cheese.
440,"i mean , lucy hit kids , too .","lucy hit kids, too."
441,she is vanquished ?,she's vanquished?
442,"so , everything 's good ?",everything's good?
443,yeah ? -hey ty ... ... give me that guy 's number .,"hey ty, give me his number."
444,what are they talking about ? we 've never been here before .,what are they talking about? we've never been here before.
445,"difficulties conceiving or who are undergoing investigation of infertility , withdrawal of lornoxicam should be considered .","difficulties conceiving or who are undergoing investigation of infertility, withdrawal of lornoxicam should"
446,but a mind as narrow as yours ... ... would have no idea what to do with that information .,but a mind as narrow as yours...... would not know what to do with that information.
447,"sergeant , why would you hide a dead drug dealer 's cellphone from me ?","sergeant, why would you hide a dead drug dealer's cellphone from me?"
448,"in fact , as far as we know , blu is the last male of his kind .","in fact, blu is the last male of his kind."
449,`` he did talk .,`` he talked. ''
450,"we 've evacuated 1,087,310 people in the last two hours ... ... but there are sectors we ca n't get near .","we've evacuated 1,087,310 people in the last"
451,but they arecursing at you for no reason .,but they are cursing at you for no reason.
452,i 've never attended a mrs. de winter in my life . favell :,i've never been to a mrs. de winter in my life. favell : i've never
453,care for an autograph ?,do you want an autograph?
454,"the boatshed , charming our dea agent , we hope .","the boatshed, charming our agent, we hope."
455,hi . yes .,hi. yes. yes. yes. yes. yes. yes. yes. yes. yes. yes. yes. yes. yes. yes. yes. yes. yes. yes. yes
456,"first thing , the bad guys are called cylons .","first, the bad guys are called cylons."
457,all the same mr. baggins kept his head more clear of the bewitchment of the hoard than the dwarves did .,"all the same, mr. baggins kept his head clear of the bewitch"
458,write dat down !,write down the data!
459,thinks he 's some kind of revolutionary .,he's some kind of revolutionary.
460,"the script 's done ... ... the movie 's boarded , andwe worked on it this summer .","the script's done, and we worked on it this summer."
461,"agent lee , we appreciate the assistance you 've given us .","agent lee, we appreciate your help."
462,i 'm still not getting why we 're involved with this .,i'm still not getting why we're involved with this.
463,"that third strike , that-that 's a bitch .","that third strike, that's a bitch."
464,"the undermined wall had collapsed , killing a score of his men , but the rest had regrouped well and michanek was proud of them .","the wall had collapsed, killing a score of his men,"
465,"ooh , that piano player is cute as a bug .",that piano player is cute as a bug.
466,"oh , i hope i 'm not late for max 's first day of school surprise party .","oh, i hope i'm not late for max's first day of school surprise party."
467,how can you say that that tasty skank is nothing ?,how can you say that that skank is nothing?
468,"my little brother ed 's standing behind you , and he got a regular navy pistol .","my little brother ed's standing behind you, and he got a regular navy pistol."
469,"i mean , i just figured we can get a cup of coffee ... afterwards with some people in class .","i mean, we can get a cup of coffee and talk about it."
470,i got a big surprise ...,i got a surprise for you.
471,indemnities for damages and costs resulting from claims and legal actions to be paid through athena .,indemnities for damages and costs to be paid through athena.
472,"well , i 'll tell you , i 've heard a lot of stories about sam city , but i never ...","i've heard a lot of stories about sam city, but i never..."
473,you 're both -- what 's the expression ?,you're both -- what's the expression?
474,go on . it 's the same,go on. it's the same.
475,"no , i ca n't . i 'll send the money to bring cosette here .",i 'll send the money to bring cosette here.
476,bathroom 's down the hall .,bathroom's down the hall.
477,do i look like i 'm under 21 ?,do i look like i'm under 21?
478,"so she flagged me down , thought it might have something to do with our murder investigation .",she thought it might have something to do with our murder investigation.
479,i 'm not sure anymore .,i'm not sure anymore.
480,means any person who is not a citizen of the union within the meaning of article 20 ( 1 ) tfeu ; ( b ) ‘ seasonal worker ’,means any person who is not a citizen
481,we 're gon na have to breach the building if skinner does n't come up with the money .,we're gonna have to break the building if skinner doesn 't come up with the money.
482,"well , it 's a little late to be keepin ' store , is n't it ?","well, it's late to keep keepin'store, isn 't it?"
483,"at the foot of each stake , the townspeople-his friends , his neighbors were gleefully tossing great armloads of dry tinder onto a mound .",the townspeople were tossing dry tinder onto the
484,i should probably cut back too .,i should probably cut back.
485,"they fired in neat unison , and the small , nearly portly figure was thrown across two lanes like a limp laundry sack .","they fired in a neat line, and the small, nearly portly figure was thrown across"
486,"get out ! `` ... stone is promoting his grammy-winning release , `` people rockin ' people '' , to sold-out arenas worldwide ... ''",get out! ``... people rockin'people '' is
487,remote launch,remote launch of the rocket.
488,"you 're ziemowit , piast 's son .","you're ziemowit, piast's son."
489,`` perhaps i should make you my heir and let you judge if yaemon 's worthy to follow you . '',`` maybe i should make you my heir and let you judge if he's worthy to follow you
490,"fuck . spitter , what 's the range on these things ?",what's the range on these things?
491,"the woman i saw this morning . all right , who is she ?",the woman i saw this morning. who is she?
492,"shh , baby . i 'm sorry . i 'm ...","shh, baby. i'm sorry. i'm sorry."
493,"look , i 'm your landlord , i have a right to come in .","i'm your landlord, i have a right to come in."
494,12 the interveners lodged their statements in intervention within the time-limits set .,12 the interveners lodged their statements within the time-limits set.
495,"no , do n't worry , he 's not gon na live here forever .","no, don 't worry, he's not going to live here forever."
496,does n't it tear your guts to see something like that ?,does it make you sick to see something like that?
497,"so , i was just finishing cleaning up in here , but , uh , why do n't you come on in , have a seat ?","so, i was just finishing cleaning up, but, why don 't"
498,no one has questioned that he is qualified to be vice president .,nobody has questioned that he is qualified to be vice president.
499,i need to prove i am to get me on the way to prove i 'm not .,i need to prove i am not to get on the way to prove i'm not.
